,mean_fit_time,mean_score_time,mean_test_score,mean_train_score,param_NN__alpha,param_NN__hidden_layer_sizes,param_km__n_clusters,params,rank_test_score,split0_test_score,split0_train_score,split1_test_score,split1_train_score,split2_test_score,split2_train_score,std_fit_time,std_score_time,std_test_score,std_train_score
0,0.060785929361979164,0.0008950233459472656,0.45720108695652173,0.46128129459523115,0.1,"(50, 50)",2,"{'NN__alpha': 0.1, 'NN__hidden_layer_sizes': (50, 50), 'km__n_clusters': 2}",4,0.4715447154471545,0.4673469387755102,0.4489795918367347,0.43279022403258655,0.45102040816326533,0.48370672097759676,0.002526613766934406,0.00012244614348495952,0.010197201974096848,0.02122445829350537
1,0.0814362366994222,0.0008454322814941406,0.43410326086956524,0.460914141624063,0.1,"(50, 50)",5,"{'NN__alpha': 0.1, 'NN__hidden_layer_sizes': (50, 50), 'km__n_clusters': 5}",54,0.4268292682926829,0.42653061224489797,0.4346938775510204,0.48370672097759676,0.44081632653061226,0.4725050916496945,0.013918632962171332,0.0001748591831866873,0.005727335696338641,0.024739165228787365
2,0.10940972963968913,0.0007657210032145182,0.43546195652173914,0.45245230475082093,0.1,"(50, 50)",10,"{'NN__alpha': 0.1, 'NN__hidden_layer_sizes': (50, 50), 'km__n_clusters': 10}",50,0.44308943089430897,0.46224489795918366,0.4346938775510204,0.4439918533604888,0.42857142857142855,0.4511201629327902,0.012198337749558948,2.7382754102856226e-05,0.005953723424613339,0.007511074519134862
3,0.11446142196655273,0.0008419354756673177,0.41983695652173914,0.4398755836346759,0.1,"(50, 50)",15,"{'NN__alpha': 0.1, 'NN__hidden_layer_sizes': (50, 50), 'km__n_clusters': 15}",117,0.3800813008130081,0.43673469387755104,0.4530612244897959,0.43279022403258655,0.42653061224489797,0.45010183299389,0.006760857066293315,0.00014236994427773442,0.030176720412170552,0.007408186577792584
4,0.14954304695129395,0.000923315684000651,0.44904891304347827,0.44258143175803927,0.1,"(50, 50)",20,"{'NN__alpha': 0.1, 'NN__hidden_layer_sizes': (50, 50), 'km__n_clusters': 20}",12,0.4329268292682927,0.42244897959183675,0.463265306122449,0.4470468431771894,0.45102040816326533,0.45824847250509165,0.008961485696303003,0.000234243095927781,0.012467833784163933,0.014952276249638477
5,0.20153172810872397,0.0008916854858398438,0.453804347826087,0.44767585241836044,0.1,"(50, 50)",25,"{'NN__alpha': 0.1, 'NN__hidden_layer_sizes': (50, 50), 'km__n_clusters': 25}",8,0.4451219512195122,0.42653061224489797,0.47346938775510206,0.45417515274949083,0.44285714285714284,0.4623217922606925,0.012972527686583099,0.00012183228273074623,0.013921873635040135,0.015317371844334696
6,0.18824640909830728,0.0011676947275797527,0.43410326086956524,0.43105629217063607,0.1,"(50, 50)",30,"{'NN__alpha': 0.1, 'NN__hidden_layer_sizes': (50, 50), 'km__n_clusters': 30}",54,0.44308943089430897,0.4459183673469388,0.43673469387755104,0.42464358452138495,0.42244897959183675,0.4226069246435845,0.004170524559841748,0.0003839798800253209,0.00863179098646591,0.010541914904292463
7,0.18996167182922363,0.0009055932362874349,0.42391304347826086,0.4324126799395929,0.1,"(50, 50)",35,"{'NN__alpha': 0.1, 'NN__hidden_layer_sizes': (50, 50), 'km__n_clusters': 35}",101,0.44715447154471544,0.44387755102040816,0.42448979591836733,0.4185336048879837,0.4,0.434826883910387,0.002846591573659589,6.377101535669131e-05,0.019261539462392223,0.010486505201138478
8,0.2164602279663086,0.0009284019470214844,0.41372282608695654,0.4059305595965474,0.1,"(50, 50)",40,"{'NN__alpha': 0.1, 'NN__hidden_layer_sizes': (50, 50), 'km__n_clusters': 40}",130,0.41260162601626016,0.4357142857142857,0.3979591836734694,0.37372708757637474,0.4306122448979592,0.40835030549898166,0.014243905493147462,4.033151713140583e-05,0.013345163901270487,0.02536394502598021
9,0.046384731928507485,0.0006967385609944662,0.4266304347826087,0.42663036701442286,0.1,"(50,)",2,"{'NN__alpha': 0.1, 'NN__hidden_layer_sizes': (50,), 'km__n_clusters': 2}",79,0.4268292682926829,0.42653061224489797,0.42653061224489797,0.42668024439918534,0.42653061224489797,0.42668024439918534,0.006120895134358629,0.0001933567653621824,0.00014088316278938667,7.053727398676799e-05
10,0.06628719965616862,0.0006125768025716146,0.42866847826086957,0.44191155077102123,0.1,"(50,)",5,"{'NN__alpha': 0.1, 'NN__hidden_layer_sizes': (50,), 'km__n_clusters': 5}",71,0.42276422764227645,0.4357142857142857,0.4530612244897959,0.4511201629327902,0.41020408163265304,0.43890020366598775,0.0014500740852812432,5.2680016437740916e-05,0.017977979659509695,0.006640101493107574
11,0.09250609079996745,0.0006196498870849609,0.43410326086956524,0.44261399060642587,0.1,"(50,)",10,"{'NN__alpha': 0.1, 'NN__hidden_layer_sizes': (50,), 'km__n_clusters': 10}",54,0.4796747967479675,0.4704081632653061,0.39591836734693875,0.43075356415478616,0.42653061224489797,0.42668024439918534,0.0032864726588836914,1.5866333991449687e-05,0.03462070842731956,0.01972367458667504
12,0.11026875178019206,0.0006099541982014974,0.41372282608695654,0.4201601618244039,0.1,"(50,)",15,"{'NN__alpha': 0.1, 'NN__hidden_layer_sizes': (50,), 'km__n_clusters': 15}",130,0.3882113821138211,0.39591836734693875,0.42653061224489797,0.46741344195519346,0.42653061224489797,0.3971486761710794,0.006529477610083867,4.103447800771582e-06,0.01807609247011705,0.03341688971453253
13,0.12002261479695638,0.0006763140360514323,0.38858695652173914,0.3848116435983762,0.1,"(50,)",20,"{'NN__alpha': 0.1, 'NN__hidden_layer_sizes': (50,), 'km__n_clusters': 20}",161,0.35365853658536583,0.32755102040816325,0.42653061224489797,0.44908350305498984,0.38571428571428573,0.37780040733197556,0.007517990820176245,5.1212966894220644e-05,0.029829044090169135,0.049862505352637934
14,0.14345161120096842,0.0006503264109293619,0.43070652173913043,0.41540864818432466,0.1,"(50,)",25,"{'NN__alpha': 0.1, 'NN__hidden_layer_sizes': (50,), 'km__n_clusters': 25}",62,0.3943089430894309,0.39693877551020407,0.4448979591836735,0.42668024439918534,0.4530612244897959,0.4226069246435845,0.0029785886576914754,3.4949991587473585e-06,0.026003593965603967,0.013165615086441686
15,0.1604797045389811,0.0007609526316324869,0.42527173913043476,0.4273418124887429,0.1,"(50,)",30,"{'NN__alpha': 0.1, 'NN__hidden_layer_sizes': (50,), 'km__n_clusters': 30}",94,0.4715447154471545,0.4744897959183674,0.42653061224489797,0.42668024439918534,0.37755102040816324,0.38085539714867617,0.008004897385401593,9.389401384896172e-05,0.03839601661062705,0.038228945512471114
16,0.1778550148010254,0.0007166862487792969,0.3797554347826087,0.40589107333361046,0.1,"(50,)",35,"{'NN__alpha': 0.1, 'NN__hidden_layer_sizes': (50,), 'km__n_clusters': 35}",169,0.3617886178861789,0.37755102040816324,0.4142857142857143,0.4419551934826884,0.363265306122449,0.3981670061099796,0.005333445601829393,1.720032114131067e-05,0.02439917182276655,0.026854177678835797
17,0.19763676325480142,0.0007374286651611328,0.421195652173913,0.4120190642448425,0.1,"(50,)",40,"{'NN__alpha': 0.1, 'NN__hidden_layer_sizes': (50,), 'km__n_clusters': 40}",111,0.4065040650406504,0.40408163265306124,0.49795918367346936,0.4592668024439919,0.35918367346938773,0.3727087576374745,0.017750495045265765,2.7529517901061514e-05,0.057565392914859,0.03578012386216144
18,0.04590471585591634,0.0005013147989908854,0.40896739130434784,0.406935727447802,0.1,"(25,)",2,"{'NN__alpha': 0.1, 'NN__hidden_layer_sizes': (25,), 'km__n_clusters': 2}",141,0.40853658536585363,0.4163265306122449,0.42244897959183675,0.4093686354378819,0.39591836734693875,0.395112016293279,0.005452102270347106,1.1041866577757777e-05,0.010828019903829054,0.008829993786843723
19,0.0558783213297526,0.0005927085876464844,0.39741847826086957,0.4116948612438865,0.1,"(25,)",5,"{'NN__alpha': 0.1, 'NN__hidden_layer_sizes': (25,), 'km__n_clusters': 5}",149,0.4268292682926829,0.42653061224489797,0.3408163265306122,0.3696537678207739,0.42448979591836733,0.43890020366598775,0.0039963928109423225,7.7896133342521e-05,0.03999440042741592,0.03015340611096683
20,0.08440033594767253,0.0006006558736165365,0.34375,0.3447781149119526,0.1,"(25,)",10,"{'NN__alpha': 0.1, 'NN__hidden_layer_sizes': (25,), 'km__n_clusters': 10}",177,0.34959349593495936,0.35816326530612247,0.3469387755102041,0.34725050916496947,0.3346938775510204,0.3289205702647658,0.0066233570527214,0.00011410138528015221,0.006488339034032478,0.012065608240703818
21,0.09713888168334961,0.000552972157796224,0.4436141304347826,0.43953821854607417,0.1,"(25,)",15,"{'NN__alpha': 0.1, 'NN__hidden_layer_sizes': (25,), 'km__n_clusters': 15}",24,0.42886178861788615,0.43979591836734694,0.463265306122449,0.43380855397148677,0.4387755102040816,0.445010183299389,0.002481796490897882,3.617543117758764e-06,0.014459684586884349,0.004576675052068765
22,0.12744633356730142,0.000629425048828125,0.38722826086956524,0.3784169472269559,0.1,"(25,)",20,"{'NN__alpha': 0.1, 'NN__hidden_layer_sizes': (25,), 'km__n_clusters': 20}",165,0.42073170731707316,0.40816326530612246,0.40816326530612246,0.40427698574338083,0.3326530612244898,0.3228105906313646,0.007572525392041961,8.614865322977961e-05,0.03889136870368005,0.03935162819661551
23,0.1533020337422689,0.0006353060404459635,0.389945652173913,0.3953586322512712,0.1,"(25,)",25,"{'NN__alpha': 0.1, 'NN__hidden_layer_sizes': (25,), 'km__n_clusters': 25}",157,0.38414634146341464,0.363265306122449,0.3653061224489796,0.39918533604887985,0.4204081632653061,0.42362525458248473,0.003603867630950917,3.556852206708906e-05,0.022852488622978773,0.0247899655908127
24,0.16300503412882486,0.0007088979085286459,0.4076086956521739,0.4086322512711806,0.1,"(25,)",30,"{'NN__alpha': 0.1, 'NN__hidden_layer_sizes': (25,), 'km__n_clusters': 30}",145,0.4186991869918699,0.4153061224489796,0.463265306122449,0.4409368635437882,0.3408163265306122,0.3696537678207739,0.009716727208415665,0.00013443486688077247,0.050569891835062615,0.029481354009356447
25,0.17740130424499512,0.0006506443023681641,0.4266304347826087,0.42933482965487624,0.1,"(25,)",35,"{'NN__alpha': 0.1, 'NN__hidden_layer_sizes': (25,), 'km__n_clusters': 35}",79,0.41260162601626016,0.41020408163265304,0.40816326530612246,0.3981670061099796,0.45918367346938777,0.47963340122199594,0.009371365195376331,7.481431665905194e-06,0.023066489281155636,0.035904340713012545
26,0.19411230087280273,0.0006879170735677084,0.4476902173913043,0.4439419759757263,0.1,"(25,)",40,"{'NN__alpha': 0.1, 'NN__hidden_layer_sizes': (25,), 'km__n_clusters': 40}",19,0.4268292682926829,0.42653061224489797,0.4346938775510204,0.4317718940936864,0.4816326530612245,0.47352342158859473,0.002821228360306437,1.6915215245559e-05,0.024190636683062174,0.021026399315541826
27,0.04792372385660807,0.0005412101745605469,0.4266304347826087,0.42663036701442286,0.1,"(25, 25)",2,"{'NN__alpha': 0.1, 'NN__hidden_layer_sizes': (25, 25), 'km__n_clusters': 2}",79,0.4268292682926829,0.42653061224489797,0.42653061224489797,0.42668024439918534,0.42653061224489797,0.42668024439918534,0.00460476468626111,8.265941535644395e-06,0.00014088316278938667,7.053727398676799e-05
28,0.07132236162821452,0.0005679130554199219,0.43070652173913043,0.45855327874530666,0.1,"(25, 25)",5,"{'NN__alpha': 0.1, 'NN__hidden_layer_sizes': (25, 25), 'km__n_clusters': 5}",62,0.40853658536585363,0.4489795918367347,0.42244897959183675,0.46741344195519346,0.46122448979591835,0.4592668024439919,0.0013671435149968662,4.52786112888467e-06,0.02229362396229113,0.007542481669357448
29,0.08946609497070312,0.0005906422932942709,0.4361413043478261,0.43681713011070006,0.1,"(25, 25)",10,"{'NN__alpha': 0.1, 'NN__hidden_layer_sizes': (25, 25), 'km__n_clusters': 10}",43,0.4532520325203252,0.4316326530612245,0.42653061224489797,0.4215885947046843,0.42857142857142855,0.45723014256619143,0.0053872365844901265,8.08360488570621e-06,0.012152334157831204,0.01500531206380883
30,0.10676089922587077,0.0006186962127685547,0.3539402173913043,0.3702592238524738,0.1,"(25, 25)",15,"{'NN__alpha': 0.1, 'NN__hidden_layer_sizes': (25, 25), 'km__n_clusters': 15}",175,0.3780487804878049,0.39183673469387753,0.32857142857142857,0.3604887983706721,0.3551020408163265,0.35845213849287166,0.009157122597308338,1.033941599273832e-05,0.02022252248595473,0.015280242721624402
31,0.12613328297932944,0.0006381670633951823,0.42934782608695654,0.44564750543802045,0.1,"(25, 25)",20,"{'NN__alpha': 0.1, 'NN__hidden_layer_sizes': (25, 25), 'km__n_clusters': 20}",67,0.41260162601626016,0.4387755102040816,0.4489795918367347,0.46435845213849286,0.42653061224489797,0.43380855397148677,0.005503542651997287,4.341284524201604e-06,0.014988948773433278,0.013385123791609568
32,0.14286263783772787,0.0007909138997395834,0.4232336956521739,0.41338792135999003,0.1,"(25, 25)",25,"{'NN__alpha': 0.1, 'NN__hidden_layer_sizes': (25, 25), 'km__n_clusters': 25}",102,0.4247967479674797,0.4204081632653061,0.44285714285714284,0.4185336048879837,0.4020408163265306,0.40122199592668023,0.011082151378033011,0.00013445473853540427,0.016688660198746798,0.008636581056341595
33,0.16967018445332846,0.0008596579233805338,0.44021739130434784,0.427323801210912,0.1,"(25, 25)",30,"{'NN__alpha': 0.1, 'NN__hidden_layer_sizes': (25, 25), 'km__n_clusters': 30}",29,0.45121951219512196,0.4479591836734694,0.463265306122449,0.4378818737270876,0.4061224489795918,0.39613034623217924,0.014022103324002751,0.0001841649735099935,0.024581469177523293,0.02243749494442335
34,0.18961103757222494,0.0007510185241699219,0.41372282608695654,0.3964012081410975,0.1,"(25, 25)",35,"{'NN__alpha': 0.1, 'NN__hidden_layer_sizes': (25, 25), 'km__n_clusters': 35}",130,0.43089430894308944,0.3989795918367347,0.4306122448979592,0.4195519348268839,0.3795918367346939,0.37067209775967414,0.014340709234923537,5.312295523371864e-05,0.02410994003784165,0.020038224551935553
35,0.20155596733093262,0.0007557074228922526,0.3960597826086957,0.4201518489269434,0.1,"(25, 25)",40,"{'NN__alpha': 0.1, 'NN__hidden_layer_sizes': (25, 25), 'km__n_clusters': 40}",153,0.37398373983739835,0.3836734693877551,0.4142857142857143,0.43686354378818737,0.4,0.439918533604888,0.004168540073319389,3.3852826347549206e-05,0.01669244795582641,0.025824244048940324
36,0.08166257540384929,0.0010581016540527344,0.42934782608695654,0.43715310971639165,0.1,"(100, 25, 100)",2,"{'NN__alpha': 0.1, 'NN__hidden_layer_sizes': (100, 25, 100), 'km__n_clusters': 2}",67,0.4268292682926829,0.42653061224489797,0.42653061224489797,0.42668024439918534,0.4346938775510204,0.45824847250509165,0.024042233200193077,0.00011905851365812515,0.0037783468515539447,0.014916799161472292
37,0.07572793960571289,0.0013383229573567708,0.41304347826086957,0.4045665516715851,0.1,"(100, 25, 100)",5,"{'NN__alpha': 0.1, 'NN__hidden_layer_sizes': (100, 25, 100), 'km__n_clusters': 5}",134,0.4268292682926829,0.42653061224489797,0.45918367346938777,0.45213849287169044,0.35306122448979593,0.335030549898167,0.004745121089144913,0.00013162553084733965,0.04438307432819158,0.05026849606213698
38,0.11016639073689778,0.001001914342244466,0.44904891304347827,0.45820690801778957,0.1,"(100, 25, 100)",10,"{'NN__alpha': 0.1, 'NN__hidden_layer_sizes': (100, 25, 100), 'km__n_clusters': 10}",12,0.43902439024390244,0.4387755102040816,0.4775510204081633,0.46435845213849286,0.4306122448979592,0.4714867617107943,0.003174123414149683,7.356834859696004e-05,0.020424490107310053,0.014044871307956088
39,0.12443860371907552,0.0010713736216227214,0.43953804347826086,0.4524287515413497,0.1,"(100, 25, 100)",15,"{'NN__alpha': 0.1, 'NN__hidden_layer_sizes': (100, 25, 100), 'km__n_clusters': 15}",31,0.4268292682926829,0.4275510204081633,0.4448979591836735,0.45621181262729127,0.44693877551020406,0.47352342158859473,0.010484718418952993,8.344476183331851e-05,0.009043191567452282,0.018957831819745058
40,0.14095052083333334,0.0010147889455159504,0.4164402173913043,0.4347818557158097,0.1,"(100, 25, 100)",20,"{'NN__alpha': 0.1, 'NN__hidden_layer_sizes': (100, 25, 100), 'km__n_clusters': 20}",126,0.3943089430894309,0.4336734693877551,0.42653061224489797,0.42668024439918534,0.42857142857142855,0.4439918533604888,0.008765490086337138,1.0613123594889751e-05,0.01570316660255579,0.007110759049798384
41,0.1707005500793457,0.0010613600413004558,0.42459239130434784,0.44395305983900685,0.1,"(100, 25, 100)",25,"{'NN__alpha': 0.1, 'NN__hidden_layer_sizes': (100, 25, 100), 'km__n_clusters': 25}",98,0.4186991869918699,0.44285714285714284,0.46530612244897956,0.4663951120162933,0.38979591836734695,0.4226069246435845,0.021071133393291676,4.8476750703835434e-05,0.031087668392998837,0.01789324106788588
42,0.19155613581339517,0.0012347698211669922,0.43478260869565216,0.46026850658797125,0.1,"(100, 25, 100)",30,"{'NN__alpha': 0.1, 'NN__hidden_layer_sizes': (100, 25, 100), 'km__n_clusters': 30}",53,0.44308943089430897,0.47551020408163264,0.4163265306122449,0.40224032586558045,0.4448979591836735,0.5030549898167006,0.0023362459828472717,0.00018900333673548697,0.013058025723230223,0.04254512211570624
43,0.21985268592834473,0.0010875860850016277,0.4205163043478261,0.4524301370242598,0.1,"(100, 25, 100)",35,"{'NN__alpha': 0.1, 'NN__hidden_layer_sizes': (100, 25, 100), 'km__n_clusters': 35}",116,0.4186991869918699,0.42959183673469387,0.41836734693877553,0.4470468431771894,0.42448979591836733,0.48065173116089616,0.011186141250710527,4.9908829342626994e-05,0.00281008984778259,0.021189826083707567
44,0.2145558993021647,0.0012146631876627605,0.4171195652173913,0.43817282513820194,0.1,"(100, 25, 100)",40,"{'NN__alpha': 0.1, 'NN__hidden_layer_sizes': (100, 25, 100), 'km__n_clusters': 40}",125,0.4573170731707317,0.42857142857142855,0.3346938775510204,0.3879837067209776,0.45918367346938777,0.4979633401221996,0.023319906642421367,0.00015795842144891776,0.05822937023261952,0.04540939735921874
45,0.05501961708068848,0.0007396539052327474,0.45584239130434784,0.46162143064965294,0.01,"(50, 50)",2,"{'NN__alpha': 0.01, 'NN__hidden_layer_sizes': (50, 50), 'km__n_clusters': 2}",5,0.46747967479674796,0.4683673469387755,0.4489795918367347,0.43279022403258655,0.45102040816326533,0.48370672097759676,0.004282857321681844,3.493318118887377e-05,0.008287507221696076,0.021326868112355294
46,0.07923062642415364,0.0007576942443847656,0.4361413043478261,0.4602352549981296,0.01,"(50, 50)",5,"{'NN__alpha': 0.01, 'NN__hidden_layer_sizes': (50, 50), 'km__n_clusters': 5}",43,0.4268292682926829,0.42653061224489797,0.44081632653061226,0.4816700610997963,0.44081632653061226,0.4725050916496945,0.011838911507974328,5.4672244671100974e-05,0.006598028123969987,0.0241246951427723
47,0.09888799985249837,0.0007464090983072916,0.43546195652173914,0.45245230475082093,0.01,"(50, 50)",10,"{'NN__alpha': 0.01, 'NN__hidden_layer_sizes': (50, 50), 'km__n_clusters': 10}",50,0.44308943089430897,0.46224489795918366,0.4346938775510204,0.4439918533604888,0.42857142857142855,0.4511201629327902,0.00541097112549611,5.821624301850776e-06,0.005953723424613339,0.007511074519134862
48,0.1085500717163086,0.0007873376210530599,0.41915760869565216,0.4398755836346759,0.01,"(50, 50)",15,"{'NN__alpha': 0.01, 'NN__hidden_layer_sizes': (50, 50), 'km__n_clusters': 15}",119,0.3800813008130081,0.43673469387755104,0.4530612244897959,0.43279022403258655,0.42448979591836733,0.45010183299389,0.004084016956043714,6.199687921813807e-05,0.030041050656928893,0.007408186577792584
49,0.13668171564737955,0.0008653799692789713,0.44972826086956524,0.43986588525430537,0.01,"(50, 50)",20,"{'NN__alpha': 0.01, 'NN__hidden_layer_sizes': (50, 50), 'km__n_clusters': 20}",11,0.4329268292682927,0.42244897959183675,0.46530612244897956,0.43890020366598775,0.45102040816326533,0.45824847250509165,0.007470347370818466,8.777179218426867e-05,0.013254717703579895,0.01463102477406735
50,0.1756596565246582,0.0008973280588785807,0.4476902173913043,0.44497069703645203,0.01,"(50, 50)",25,"{'NN__alpha': 0.01, 'NN__hidden_layer_sizes': (50, 50), 'km__n_clusters': 25}",19,0.4573170731707317,0.4418367346938776,0.47346938775510206,0.45519348268839105,0.4122448979591837,0.4378818737270876,0.014235781633081286,0.0001137178035324917,0.0258924346519152,0.007406719524898853
51,0.17022085189819336,0.0008138020833333334,0.43410326086956524,0.4313957354836028,0.01,"(50, 50)",30,"{'NN__alpha': 0.01, 'NN__hidden_layer_sizes': (50, 50), 'km__n_clusters': 30}",54,0.44308943089430897,0.4459183673469388,0.43673469387755104,0.4256619144602851,0.42244897959183675,0.4226069246435845,0.009911745657346614,1.744026428666592e-05,0.00863179098646591,0.010344511197523136
52,0.18628780047098795,0.0010445117950439453,0.42459239130434784,0.4334310098784931,0.01,"(50, 50)",35,"{'NN__alpha': 0.01, 'NN__hidden_layer_sizes': (50, 50), 'km__n_clusters': 35}",98,0.44715447154471544,0.44387755102040816,0.42448979591836733,0.4185336048879837,0.4020408163265306,0.4378818737270876,0.004547778628918283,0.00011450861544474669,0.01842393185297853,0.010814698119992439
53,0.2024060090382894,0.0008687973022460938,0.4123641304347826,0.4072897183313244,0.01,"(50, 50)",40,"{'NN__alpha': 0.01, 'NN__hidden_layer_sizes': (50, 50), 'km__n_clusters': 40}",135,0.40853658536585363,0.4377551020408163,0.39591836734693875,0.37372708757637474,0.4326530612244898,0.4103869653767821,0.004691925603375005,1.226408114396256e-05,0.015230090565795228,0.026230915138567977
54,0.04574728012084961,0.0005703767140706381,0.4266304347826087,0.42663036701442286,0.01,"(50,)",2,"{'NN__alpha': 0.01, 'NN__hidden_layer_sizes': (50,), 'km__n_clusters': 2}",79,0.4268292682926829,0.42653061224489797,0.42653061224489797,0.42668024439918534,0.42653061224489797,0.42668024439918534,0.004259457839453458,2.0963066456925563e-05,0.00014088316278938667,7.053727398676799e-05
55,0.061432997385660805,0.0005539258321126302,0.42866847826086957,0.44157210745805453,0.01,"(50,)",5,"{'NN__alpha': 0.01, 'NN__hidden_layer_sizes': (50,), 'km__n_clusters': 5}",71,0.42276422764227645,0.4357142857142857,0.4530612244897959,0.4511201629327902,0.41020408163265304,0.4378818737270876,0.0004734895472970089,3.311263188679959e-06,0.017977979659509695,0.006809240386405499
56,0.08129262924194336,0.0005819797515869141,0.43410326086956524,0.44261399060642587,0.01,"(50,)",10,"{'NN__alpha': 0.01, 'NN__hidden_layer_sizes': (50,), 'km__n_clusters': 10}",54,0.4796747967479675,0.4704081632653061,0.39591836734693875,0.43075356415478616,0.42653061224489797,0.42668024439918534,0.010506095068220743,7.3019947200362946e-06,0.03462070842731956,0.01972367458667504
57,0.10219271977742513,0.0006145636240641276,0.4110054347826087,0.41846294525957023,0.01,"(50,)",15,"{'NN__alpha': 0.01, 'NN__hidden_layer_sizes': (50,), 'km__n_clusters': 15}",137,0.3882113821138211,0.39591836734693875,0.41836734693877553,0.4623217922606925,0.42653061224489797,0.3971486761710794,0.004404133837146509,1.577811493394009e-05,0.01649048683872449,0.031016955149848587
58,0.1194766362508138,0.0006380081176757812,0.38858695652173914,0.3848116435983762,0.01,"(50,)",20,"{'NN__alpha': 0.01, 'NN__hidden_layer_sizes': (50,), 'km__n_clusters': 20}",161,0.35365853658536583,0.32755102040816325,0.42653061224489797,0.44908350305498984,0.38571428571428573,0.37780040733197556,0.00899430977064808,4.269401556194081e-06,0.029829044090169135,0.049862505352637934
59,0.1462859312693278,0.0007419586181640625,0.42866847826086957,0.41574809149729136,0.01,"(50,)",25,"{'NN__alpha': 0.01, 'NN__hidden_layer_sizes': (50,), 'km__n_clusters': 25}",71,0.3882113821138211,0.39693877551020407,0.4448979591836735,0.42769857433808556,0.4530612244897959,0.4226069246435845,0.005294551583361079,0.0001387658942549888,0.028858622071598766,0.013461649232280862
60,0.1706087589263916,0.0007526874542236328,0.42527173913043476,0.4273418124887429,0.01,"(50,)",30,"{'NN__alpha': 0.01, 'NN__hidden_layer_sizes': (50,), 'km__n_clusters': 30}",94,0.4715447154471545,0.4744897959183674,0.42653061224489797,0.42668024439918534,0.37755102040816324,0.38085539714867617,0.005712776106199615,0.00011519557431529427,0.03839601661062705,0.038228945512471114
61,0.17037034034729004,0.0007463296254475912,0.3702445652173913,0.39367111406680794,0.01,"(50,)",35,"{'NN__alpha': 0.01, 'NN__hidden_layer_sizes': (50,), 'km__n_clusters': 35}",171,0.3617886178861789,0.37755102040816324,0.38571428571428573,0.40529531568228105,0.363265306122449,0.3981670061099796,0.0032573858656848235,6.430567448945969e-05,0.010944227125567866,0.011764247079243948
62,0.19704270362854004,0.0007348060607910156,0.41915760869565216,0.4113401776189091,0.01,"(50,)",40,"{'NN__alpha': 0.01, 'NN__hidden_layer_sizes': (50,), 'km__n_clusters': 40}",119,0.4065040650406504,0.40408163265306124,0.49183673469387756,0.45723014256619143,0.35918367346938773,0.3727087576374745,0.01601489062722084,2.1032248704663226e-05,0.054856210477527284,0.034885345383919304
63,0.04368901252746582,0.0005026658376057943,0.40896739130434784,0.406935727447802,0.01,"(25,)",2,"{'NN__alpha': 0.01, 'NN__hidden_layer_sizes': (25,), 'km__n_clusters': 2}",141,0.40853658536585363,0.4163265306122449,0.42244897959183675,0.4093686354378819,0.39591836734693875,0.395112016293279,0.00554507155298678,9.156294386063766e-06,0.010828019903829054,0.008829993786843723
64,0.05321502685546875,0.0005079905192057291,0.39741847826086957,0.4116948612438865,0.01,"(25,)",5,"{'NN__alpha': 0.01, 'NN__hidden_layer_sizes': (25,), 'km__n_clusters': 5}",149,0.4268292682926829,0.42653061224489797,0.3408163265306122,0.3696537678207739,0.42448979591836733,0.43890020366598775,0.0036407515083910396,5.742979610805406e-06,0.03999440042741592,0.03015340611096683
65,0.08491142590840657,0.0005273818969726562,0.34375,0.3447781149119526,0.01,"(25,)",10,"{'NN__alpha': 0.01, 'NN__hidden_layer_sizes': (25,), 'km__n_clusters': 10}",177,0.34959349593495936,0.35816326530612247,0.3469387755102041,0.34725050916496947,0.3346938775510204,0.3289205702647658,0.003560861407585032,1.7040953000157626e-05,0.006488339034032478,0.012065608240703818
66,0.09597468376159668,0.0005543231964111328,0.4436141304347826,0.43953821854607417,0.01,"(25,)",15,"{'NN__alpha': 0.01, 'NN__hidden_layer_sizes': (25,), 'km__n_clusters': 15}",24,0.42886178861788615,0.43979591836734694,0.463265306122449,0.43380855397148677,0.4387755102040816,0.445010183299389,0.0031746088056546847,2.188348363711821e-05,0.014459684586884349,0.004576675052068765
67,0.12560129165649414,0.0007280508677164713,0.38722826086956524,0.3784169472269559,0.01,"(25,)",20,"{'NN__alpha': 0.01, 'NN__hidden_layer_sizes': (25,), 'km__n_clusters': 20}",165,0.42073170731707316,0.40816326530612246,0.40816326530612246,0.40427698574338083,0.3326530612244898,0.3228105906313646,0.008044390009525539,0.00018134512013603352,0.03889136870368005,0.03935162819661551
68,0.14856870969136557,0.0005911986033121744,0.389945652173913,0.3953586322512712,0.01,"(25,)",25,"{'NN__alpha': 0.01, 'NN__hidden_layer_sizes': (25,), 'km__n_clusters': 25}",157,0.38414634146341464,0.363265306122449,0.3653061224489796,0.39918533604887985,0.4204081632653061,0.42362525458248473,0.003575423267279302,7.377718585507187e-06,0.022852488622978773,0.0247899655908127
69,0.1544171174367269,0.0006468296051025391,0.4076086956521739,0.4086322512711806,0.01,"(25,)",30,"{'NN__alpha': 0.01, 'NN__hidden_layer_sizes': (25,), 'km__n_clusters': 30}",145,0.4186991869918699,0.4153061224489796,0.463265306122449,0.4409368635437882,0.3408163265306122,0.3696537678207739,0.008301342034097894,4.9707081385014505e-06,0.050569891835062615,0.029481354009356447
70,0.17711758613586426,0.0006683667500813802,0.4266304347826087,0.42933482965487624,0.01,"(25,)",35,"{'NN__alpha': 0.01, 'NN__hidden_layer_sizes': (25,), 'km__n_clusters': 35}",79,0.41260162601626016,0.41020408163265304,0.40816326530612246,0.3981670061099796,0.45918367346938777,0.47963340122199594,0.003448723864893136,4.790585485454306e-05,0.023066489281155636,0.035904340713012545
71,0.19382826487223306,0.0007537206013997396,0.4476902173913043,0.4439419759757263,0.01,"(25,)",40,"{'NN__alpha': 0.01, 'NN__hidden_layer_sizes': (25,), 'km__n_clusters': 40}",19,0.4268292682926829,0.42653061224489797,0.4346938775510204,0.4317718940936864,0.4816326530612245,0.47352342158859473,0.00505548366745244,9.941613222843874e-05,0.024190636683062174,0.021026399315541826
72,0.04773529370625814,0.0005910396575927734,0.4266304347826087,0.42663036701442286,0.01,"(25, 25)",2,"{'NN__alpha': 0.01, 'NN__hidden_layer_sizes': (25, 25), 'km__n_clusters': 2}",79,0.4268292682926829,0.42653061224489797,0.42653061224489797,0.42668024439918534,0.42653061224489797,0.42668024439918534,0.005996829920684851,4.7145427819623345e-05,0.00014088316278938667,7.053727398676799e-05
73,0.0742026964823405,0.0006709893544514974,0.421195652173913,0.4534623217922607,0.01,"(25, 25)",5,"{'NN__alpha': 0.01, 'NN__hidden_layer_sizes': (25, 25), 'km__n_clusters': 5}",111,0.4146341463414634,0.45,0.42244897959183675,0.46741344195519346,0.42653061224489797,0.4429735234215886,0.003904455420704174,0.00014585311653150308,0.004938359207460225,0.010273530994005365
74,0.08617901802062988,0.0005879402160644531,0.4361413043478261,0.43681713011070006,0.01,"(25, 25)",10,"{'NN__alpha': 0.01, 'NN__hidden_layer_sizes': (25, 25), 'km__n_clusters': 10}",43,0.4532520325203252,0.4316326530612245,0.42653061224489797,0.4215885947046843,0.42857142857142855,0.45723014256619143,0.005800452770209856,6.189706318734727e-06,0.012152334157831204,0.01500531206380883
75,0.10441128412882487,0.0006081263224283854,0.3539402173913043,0.3702592238524738,0.01,"(25, 25)",15,"{'NN__alpha': 0.01, 'NN__hidden_layer_sizes': (25, 25), 'km__n_clusters': 15}",175,0.3780487804878049,0.39183673469387753,0.32857142857142857,0.3604887983706721,0.3551020408163265,0.35845213849287166,0.009526997834842262,1.1479358727307502e-05,0.02022252248595473,0.015280242721624402
76,0.13024171193440756,0.0006972153981526693,0.42934782608695654,0.4459869487509871,0.01,"(25, 25)",20,"{'NN__alpha': 0.01, 'NN__hidden_layer_sizes': (25, 25), 'km__n_clusters': 20}",67,0.41260162601626016,0.4387755102040816,0.4489795918367347,0.4653767820773931,0.42653061224489797,0.43380855397148677,0.005196144901906211,2.9320854331375105e-05,0.014988948773433278,0.013859819404150008
77,0.13715402285257974,0.0006593863169352213,0.4232336956521739,0.41338792135999003,0.01,"(25, 25)",25,"{'NN__alpha': 0.01, 'NN__hidden_layer_sizes': (25, 25), 'km__n_clusters': 25}",102,0.4247967479674797,0.4204081632653061,0.44285714285714284,0.4185336048879837,0.4020408163265306,0.40122199592668023,0.0020619255335339107,7.655014625071862e-06,0.016688660198746798,0.008636581056341595
78,0.16835832595825195,0.0007100900014241537,0.43953804347826086,0.427323801210912,0.01,"(25, 25)",30,"{'NN__alpha': 0.01, 'NN__hidden_layer_sizes': (25, 25), 'km__n_clusters': 30}",31,0.45121951219512196,0.4479591836734694,0.463265306122449,0.4378818737270876,0.40408163265306124,0.39613034623217924,0.009175939580310093,1.9856449458284892e-05,0.025524462530861554,0.02243749494442335
79,0.18965967496236166,0.0007657210032145182,0.41372282608695654,0.3964012081410975,0.01,"(25, 25)",35,"{'NN__alpha': 0.01, 'NN__hidden_layer_sizes': (25, 25), 'km__n_clusters': 35}",130,0.43089430894308944,0.3989795918367347,0.4306122448979592,0.4195519348268839,0.3795918367346939,0.37067209775967414,0.010897536855285907,6.885973612760958e-05,0.02410994003784165,0.020038224551935553
80,0.19320074717203775,0.0007371902465820312,0.3960597826086957,0.4201518489269434,0.01,"(25, 25)",40,"{'NN__alpha': 0.01, 'NN__hidden_layer_sizes': (25, 25), 'km__n_clusters': 40}",153,0.37398373983739835,0.3836734693877551,0.4142857142857143,0.43686354378818737,0.4,0.439918533604888,0.012495243583996066,2.3804476360909687e-05,0.01669244795582641,0.025824244048940324
81,0.07453568776448567,0.0009126663208007812,0.42934782608695654,0.43715310971639165,0.01,"(100, 25, 100)",2,"{'NN__alpha': 0.01, 'NN__hidden_layer_sizes': (100, 25, 100), 'km__n_clusters': 2}",67,0.4268292682926829,0.42653061224489797,0.42653061224489797,0.42668024439918534,0.4346938775510204,0.45824847250509165,0.02116330467068494,3.6053009739601627e-06,0.0037783468515539447,0.014916799161472292
82,0.07807636260986328,0.0010523001352945964,0.41779891304347827,0.4076256979370159,0.01,"(100, 25, 100)",5,"{'NN__alpha': 0.01, 'NN__hidden_layer_sizes': (100, 25, 100), 'km__n_clusters': 5}",124,0.4410569105691057,0.4326530612244898,0.45918367346938777,0.45213849287169044,0.35306122448979593,0.3380855397148676,0.006636656611895981,0.00010022305920452611,0.04632511848502925,0.049811616555381286
83,0.11987161636352539,0.0010263125101725261,0.4626358695652174,0.47691716197680695,0.01,"(100, 25, 100)",10,"{'NN__alpha': 0.01, 'NN__hidden_layer_sizes': (100, 25, 100), 'km__n_clusters': 10}",3,0.483739837398374,0.4989795918367347,0.4775510204081633,0.46435845213849286,0.42653061224489797,0.46741344195519346,0.017919624268188543,5.4463325371098266e-05,0.02562918658262726,0.015650268351015743
84,0.12085851033528645,0.0010287761688232422,0.44021739130434784,0.45480485473211685,0.01,"(100, 25, 100)",15,"{'NN__alpha': 0.01, 'NN__hidden_layer_sizes': (100, 25, 100), 'km__n_clusters': 15}",29,0.4268292682926829,0.4275510204081633,0.44285714285714284,0.4623217922606925,0.45102040816326533,0.4745417515274949,0.008605325739453867,9.357212934191758e-05,0.010053761069153976,0.019906623104529994
85,0.14448833465576172,0.0010687510172526042,0.4266304347826087,0.4405641686409798,0.01,"(100, 25, 100)",20,"{'NN__alpha': 0.01, 'NN__hidden_layer_sizes': (100, 25, 100), 'km__n_clusters': 20}",79,0.4247967479674797,0.45102040816326533,0.42653061224489797,0.42668024439918534,0.42857142857142855,0.4439918533604888,0.013107225703437796,6.178073106002588e-05,0.0015431389409940848,0.01022815264903116
86,0.18246746063232422,0.0010920365651448567,0.4517663043478261,0.4681027197029524,0.01,"(100, 25, 100)",25,"{'NN__alpha': 0.01, 'NN__hidden_layer_sizes': (100, 25, 100), 'km__n_clusters': 25}",9,0.5,0.5153061224489796,0.463265306122449,0.46741344195519346,0.39183673469387753,0.4215885947046843,0.025633057800427784,7.442564360609289e-05,0.0449129983221491,0.03826312480257247
87,0.18699328104654947,0.0011796951293945312,0.4388586956521739,0.46196987960153507,0.01,"(100, 25, 100)",30,"{'NN__alpha': 0.01, 'NN__hidden_layer_sizes': (100, 25, 100), 'km__n_clusters': 30}",36,0.44715447154471544,0.4816326530612245,0.4163265306122449,0.40325865580448067,0.4530612244897959,0.5010183299389002,0.014116614687202503,0.00017301907772589015,0.016098170934908312,0.04226272563234472
88,0.2036896546681722,0.0012350082397460938,0.41915760869565216,0.452090693711293,0.01,"(100, 25, 100)",35,"{'NN__alpha': 0.01, 'NN__hidden_layer_sizes': (100, 25, 100), 'km__n_clusters': 35}",119,0.42276422764227645,0.42959183673469387,0.41836734693877553,0.4480651731160896,0.4163265306122449,0.4786150712830957,0.01349620300277615,0.0001475725623410053,0.0026876771583474023,0.02021506028424865
89,0.20827635129292807,0.0011533101399739583,0.4164402173913043,0.43885171176413534,0.01,"(100, 25, 100)",40,"{'NN__alpha': 0.01, 'NN__hidden_layer_sizes': (100, 25, 100), 'km__n_clusters': 40}",126,0.4573170731707317,0.42857142857142855,0.3346938775510204,0.3890020366598778,0.45714285714285713,0.4989816700610998,0.014569625505519683,1.5894174570838488e-05,0.057744542143469954,0.04548364620138014
90,0.059640725453694664,0.0009288787841796875,0.45584239130434784,0.46162143064965294,0.001,"(50, 50)",2,"{'NN__alpha': 0.001, 'NN__hidden_layer_sizes': (50, 50), 'km__n_clusters': 2}",5,0.46747967479674796,0.4683673469387755,0.4489795918367347,0.43279022403258655,0.45102040816326533,0.48370672097759676,0.008939594057398834,0.0001571643265659793,0.008287507221696076,0.021326868112355294
91,0.07758665084838867,0.0007303555806477865,0.4361413043478261,0.45989581168516286,0.001,"(50, 50)",5,"{'NN__alpha': 0.001, 'NN__hidden_layer_sizes': (50, 50), 'km__n_clusters': 5}",43,0.4268292682926829,0.42653061224489797,0.44081632653061226,0.4816700610997963,0.44081632653061226,0.4714867617107943,0.010027489551944421,6.870050651557325e-05,0.006598028123969987,0.023956242010215234
92,0.10598270098368327,0.0007340113321940104,0.43546195652173914,0.45245230475082093,0.001,"(50, 50)",10,"{'NN__alpha': 0.001, 'NN__hidden_layer_sizes': (50, 50), 'km__n_clusters': 10}",50,0.44308943089430897,0.46224489795918366,0.4346938775510204,0.4439918533604888,0.42857142857142855,0.4511201629327902,0.005123203170386532,1.0960918014930695e-05,0.005953723424613339,0.007511074519134862
93,0.11819132169087727,0.0008450349171956381,0.41847826086956524,0.4395361403217091,0.001,"(50, 50)",15,"{'NN__alpha': 0.001, 'NN__hidden_layer_sizes': (50, 50), 'km__n_clusters': 15}",123,0.3800813008130081,0.43673469387755104,0.4530612244897959,0.43279022403258655,0.42244897959183675,0.44908350305498984,0.0033102296328722295,0.00012958078409713305,0.029935677971981024,0.006940404020904757
94,0.14614399274190268,0.0008261203765869141,0.44904891304347827,0.4391869986283719,0.001,"(50, 50)",20,"{'NN__alpha': 0.001, 'NN__hidden_layer_sizes': (50, 50), 'km__n_clusters': 20}",12,0.4329268292682927,0.42244897959183675,0.463265306122449,0.43686354378818737,0.45102040816326533,0.45824847250509165,0.006850903144574188,4.7650325528542984e-05,0.012467833784163933,0.014707135569904604
95,0.15344723065694174,0.0009835561116536458,0.43953804347826086,0.4405468501046039,0.001,"(50, 50)",25,"{'NN__alpha': 0.001, 'NN__hidden_layer_sizes': (50, 50), 'km__n_clusters': 25}",31,0.44308943089430897,0.42551020408163265,0.46530612244897956,0.45723014256619143,0.41020408163265304,0.43890020366598775,0.00913830758326075,9.637702235817144e-05,0.022620422474947163,0.013001851348594013
96,0.17537299791971842,0.0007986227671305338,0.436820652173913,0.43275350873546975,0.001,"(50, 50)",30,"{'NN__alpha': 0.001, 'NN__hidden_layer_sizes': (50, 50), 'km__n_clusters': 30}",42,0.44308943089430897,0.4459183673469388,0.43673469387755104,0.42464358452138495,0.4306122448979592,0.42769857433808556,0.0021364465098800836,1.3030156415093587e-05,0.005095870984040345,0.009392137399265187
97,0.19618074099222818,0.0008596579233805338,0.42459239130434784,0.4334310098784931,0.001,"(50, 50)",35,"{'NN__alpha': 0.001, 'NN__hidden_layer_sizes': (50, 50), 'km__n_clusters': 35}",98,0.44715447154471544,0.44387755102040816,0.42448979591836733,0.4185336048879837,0.4020408163265306,0.4378818737270876,0.005358514010483691,3.4392012030797954e-05,0.01842393185297853,0.010814698119992439
98,0.20976678530375162,0.0008714199066162109,0.4123641304347826,0.4076277761613811,0.001,"(50, 50)",40,"{'NN__alpha': 0.001, 'NN__hidden_layer_sizes': (50, 50), 'km__n_clusters': 40}",135,0.4105691056910569,0.4357142857142857,0.4020408163265306,0.3727087576374745,0.42448979591836733,0.41446028513238287,0.01480671836913182,9.049443008944662e-06,0.009246420540810433,0.02617169624089577
99,0.049856344858805336,0.0006059010823567709,0.4266304347826087,0.42663036701442286,0.001,"(50,)",2,"{'NN__alpha': 0.001, 'NN__hidden_layer_sizes': (50,), 'km__n_clusters': 2}",79,0.4268292682926829,0.42653061224489797,0.42653061224489797,0.42668024439918534,0.42653061224489797,0.42668024439918534,0.007857631514277263,5.3782755039459524e-05,0.00014088316278938667,7.053727398676799e-05
100,0.06408238410949707,0.000572363535563151,0.42866847826086957,0.44157210745805453,0.001,"(50,)",5,"{'NN__alpha': 0.001, 'NN__hidden_layer_sizes': (50,), 'km__n_clusters': 5}",71,0.42276422764227645,0.4357142857142857,0.4530612244897959,0.4511201629327902,0.41020408163265304,0.4378818737270876,0.0017504369290585941,6.518712569684944e-06,0.017977979659509695,0.006809240386405499
101,0.08095884323120117,0.0007039705912272135,0.43410326086956524,0.44261399060642587,0.001,"(50,)",10,"{'NN__alpha': 0.001, 'NN__hidden_layer_sizes': (50,), 'km__n_clusters': 10}",54,0.4796747967479675,0.4704081632653061,0.39591836734693875,0.43075356415478616,0.42653061224489797,0.42668024439918534,0.009320478438945613,0.0001162244858345391,0.03462070842731956,0.01972367458667504
102,0.11589733759562175,0.0006170272827148438,0.4110054347826087,0.41846294525957023,0.001,"(50,)",15,"{'NN__alpha': 0.001, 'NN__hidden_layer_sizes': (50,), 'km__n_clusters': 15}",137,0.3882113821138211,0.39591836734693875,0.41836734693877553,0.4623217922606925,0.42653061224489797,0.3971486761710794,0.009924671519214796,7.249911353938093e-06,0.01649048683872449,0.031016955149848587
103,0.12678869565327963,0.0007193883260091146,0.38858695652173914,0.3848116435983762,0.001,"(50,)",20,"{'NN__alpha': 0.001, 'NN__hidden_layer_sizes': (50,), 'km__n_clusters': 20}",161,0.35365853658536583,0.32755102040816325,0.42653061224489797,0.44908350305498984,0.38571428571428573,0.37780040733197556,0.011378492083917908,2.5712632864695694e-05,0.029829044090169135,0.049862505352637934
104,0.1485302448272705,0.0006453990936279297,0.43002717391304346,0.41540656995995956,0.001,"(50,)",25,"{'NN__alpha': 0.001, 'NN__hidden_layer_sizes': (50,), 'km__n_clusters': 25}",64,0.39227642276422764,0.39387755102040817,0.4448979591836735,0.42973523421588594,0.4530612244897959,0.4226069246435845,0.004662445487998101,5.299117748950212e-06,0.02695476591967726,0.015498971830722887
105,0.1688209374745687,0.000709692637125651,0.42527173913043476,0.4273418124887429,0.001,"(50,)",30,"{'NN__alpha': 0.001, 'NN__hidden_layer_sizes': (50,), 'km__n_clusters': 30}",94,0.4715447154471545,0.4744897959183674,0.42653061224489797,0.42668024439918534,0.37755102040816324,0.38085539714867617,0.004919069613003302,1.7886514283657548e-05,0.03839601661062705,0.038228945512471114
106,0.19423127174377441,0.0007646083831787109,0.3797554347826087,0.40521218670767695,0.001,"(50,)",35,"{'NN__alpha': 0.001, 'NN__hidden_layer_sizes': (50,), 'km__n_clusters': 35}",169,0.3617886178861789,0.37755102040816324,0.4142857142857143,0.439918533604888,0.363265306122449,0.3981670061099796,0.01812345746976926,8.935216707752969e-05,0.02439917182276655,0.025944204270273757
107,0.2037661075592041,0.0008234977722167969,0.41983695652173914,0.4113401776189091,0.001,"(50,)",40,"{'NN__alpha': 0.001, 'NN__hidden_layer_sizes': (50,), 'km__n_clusters': 40}",117,0.4065040650406504,0.40408163265306124,0.49387755102040815,0.45723014256619143,0.35918367346938773,0.3727087576374745,0.014155366572575823,0.0001227919721939493,0.05575730939633317,0.034885345383919304
108,0.05561129252115885,0.0005812644958496094,0.40896739130434784,0.406935727447802,0.001,"(25,)",2,"{'NN__alpha': 0.001, 'NN__hidden_layer_sizes': (25,), 'km__n_clusters': 2}",141,0.40853658536585363,0.4163265306122449,0.42244897959183675,0.4093686354378819,0.39591836734693875,0.395112016293279,0.008315161376280859,1.877309769156411e-05,0.010828019903829054,0.008829993786843723
109,0.06123979886372884,0.0005126794179280599,0.39741847826086957,0.4116948612438865,0.001,"(25,)",5,"{'NN__alpha': 0.001, 'NN__hidden_layer_sizes': (25,), 'km__n_clusters': 5}",149,0.4268292682926829,0.42653061224489797,0.3408163265306122,0.3696537678207739,0.42448979591836733,0.43890020366598775,0.003109745530743921,9.877040985842093e-06,0.03999440042741592,0.03015340611096683
110,0.09186442693074544,0.0006176630655924479,0.34375,0.3447781149119526,0.001,"(25,)",10,"{'NN__alpha': 0.001, 'NN__hidden_layer_sizes': (25,), 'km__n_clusters': 10}",177,0.34959349593495936,0.35816326530612247,0.3469387755102041,0.34725050916496947,0.3346938775510204,0.3289205702647658,0.008604038487378033,8.389947954229265e-05,0.006488339034032478,0.012065608240703818
111,0.10410706202189128,0.0006433327992757162,0.4436141304347826,0.43953821854607417,0.001,"(25,)",15,"{'NN__alpha': 0.001, 'NN__hidden_layer_sizes': (25,), 'km__n_clusters': 15}",24,0.42886178861788615,0.43979591836734694,0.463265306122449,0.43380855397148677,0.4387755102040816,0.445010183299389,0.0027847635848185868,0.00012983000239651403,0.014459684586884349,0.004576675052068765
112,0.1376811663309733,0.0005946954091389974,0.38722826086956524,0.3784169472269559,0.001,"(25,)",20,"{'NN__alpha': 0.001, 'NN__hidden_layer_sizes': (25,), 'km__n_clusters': 20}",165,0.42073170731707316,0.40816326530612246,0.40816326530612246,0.40427698574338083,0.3326530612244898,0.3228105906313646,0.010942215792276928,2.187944263238918e-05,0.03889136870368005,0.03935162819661551
113,0.1564666430155436,0.0006393591562906901,0.389945652173913,0.3953586322512712,0.001,"(25,)",25,"{'NN__alpha': 0.001, 'NN__hidden_layer_sizes': (25,), 'km__n_clusters': 25}",157,0.38414634146341464,0.363265306122449,0.3653061224489796,0.39918533604887985,0.4204081632653061,0.42362525458248473,0.003256921688647277,1.89142066861978e-05,0.022852488622978773,0.0247899655908127
114,0.16820192337036133,0.0006420612335205078,0.4076086956521739,0.4082928079582138,0.001,"(25,)",30,"{'NN__alpha': 0.001, 'NN__hidden_layer_sizes': (25,), 'km__n_clusters': 30}",145,0.4186991869918699,0.4153061224489796,0.463265306122449,0.4409368635437882,0.3408163265306122,0.36863543788187375,0.005889280617538528,1.4269307143635753e-05,0.050569891835062615,0.029930630612536084
115,0.174375851949056,0.0006367365519205729,0.4266304347826087,0.42933482965487624,0.001,"(25,)",35,"{'NN__alpha': 0.001, 'NN__hidden_layer_sizes': (25,), 'km__n_clusters': 35}",79,0.41260162601626016,0.41020408163265304,0.40816326530612246,0.3981670061099796,0.45918367346938777,0.47963340122199594,0.005623409985243587,3.3169804818962744e-06,0.023066489281155636,0.035904340713012545
116,0.1979217529296875,0.0007429917653401693,0.4476902173913043,0.4439419759757263,0.001,"(25,)",40,"{'NN__alpha': 0.001, 'NN__hidden_layer_sizes': (25,), 'km__n_clusters': 40}",19,0.4268292682926829,0.42653061224489797,0.4346938775510204,0.4317718940936864,0.4816326530612245,0.47352342158859473,0.008014985079084599,1.722820563928303e-05,0.024190636683062174,0.021026399315541826
117,0.04712796211242676,0.0005769729614257812,0.4266304347826087,0.42663036701442286,0.001,"(25, 25)",2,"{'NN__alpha': 0.001, 'NN__hidden_layer_sizes': (25, 25), 'km__n_clusters': 2}",79,0.4268292682926829,0.42653061224489797,0.42653061224489797,0.42668024439918534,0.42653061224489797,0.42668024439918534,0.004782939698755252,5.062377496328422e-05,0.00014088316278938667,7.053727398676799e-05
118,0.07451462745666504,0.0005827744801839193,0.422554347826087,0.45210385579893875,0.001,"(25, 25)",5,"{'NN__alpha': 0.001, 'NN__hidden_layer_sizes': (25, 25), 'km__n_clusters': 5}",106,0.4166666666666667,0.4489795918367347,0.42244897959183675,0.4694501018329939,0.42857142857142855,0.4378818737270876,0.0026273448827804653,1.9106571324938627e-06,0.004862308895231962,0.013075652320649974
119,0.09618417421976726,0.0006402333577473959,0.4361413043478261,0.43681713011070006,0.001,"(25, 25)",10,"{'NN__alpha': 0.001, 'NN__hidden_layer_sizes': (25, 25), 'km__n_clusters': 10}",43,0.4532520325203252,0.4316326530612245,0.42653061224489797,0.4215885947046843,0.42857142857142855,0.45723014256619143,0.007719337991736877,2.397210255570114e-05,0.012152334157831204,0.01500531206380883
120,0.11653804779052734,0.0008389155069986979,0.3695652173913043,0.38114219211106026,0.001,"(25, 25)",15,"{'NN__alpha': 0.001, 'NN__hidden_layer_sizes': (25, 25), 'km__n_clusters': 15}",174,0.42276422764227645,0.42244897959183675,0.3306122448979592,0.3625254582484725,0.3551020408163265,0.35845213849287166,0.011747033257480452,0.00021704467209071113,0.03899571346490945,0.029255609176638983
121,0.13075931866963705,0.0006469885508219401,0.43002717391304346,0.4459869487509871,0.001,"(25, 25)",20,"{'NN__alpha': 0.001, 'NN__hidden_layer_sizes': (25, 25), 'km__n_clusters': 20}",64,0.41260162601626016,0.4387755102040816,0.45102040816326533,0.4653767820773931,0.42653061224489797,0.43380855397148677,0.008574820697498394,3.088561140046226e-05,0.0158829182069099,0.013859819404150008
122,0.14399027824401855,0.0006960233052571615,0.4232336956521739,0.41338792135999003,0.001,"(25, 25)",25,"{'NN__alpha': 0.001, 'NN__hidden_layer_sizes': (25, 25), 'km__n_clusters': 25}",102,0.4247967479674797,0.4204081632653061,0.44285714285714284,0.4185336048879837,0.4020408163265306,0.40122199592668023,0.0051880019369775435,3.5299550548305054e-05,0.016688660198746798,0.008636581056341595
123,0.1788926919301351,0.0006849765777587891,0.43953804347826086,0.427323801210912,0.001,"(25, 25)",30,"{'NN__alpha': 0.001, 'NN__hidden_layer_sizes': (25, 25), 'km__n_clusters': 30}",31,0.45121951219512196,0.4479591836734694,0.463265306122449,0.4378818737270876,0.40408163265306124,0.39613034623217924,0.014111031804711122,9.933789566039877e-06,0.025524462530861554,0.02243749494442335
124,0.1903083324432373,0.0007127126057942709,0.41440217391304346,0.3974202308214528,0.001,"(25, 25)",35,"{'NN__alpha': 0.001, 'NN__hidden_layer_sizes': (25, 25), 'km__n_clusters': 35}",129,0.43089430894308944,0.4,0.4326530612244898,0.4215885947046843,0.3795918367346939,0.37067209775967414,0.0063837402298609945,5.950389400270743e-06,0.024600034536574052,0.020866461480068023
125,0.18873031934102377,0.0007189909617106119,0.3960597826086957,0.4201518489269434,0.001,"(25, 25)",40,"{'NN__alpha': 0.001, 'NN__hidden_layer_sizes': (25, 25), 'km__n_clusters': 40}",153,0.37398373983739835,0.3836734693877551,0.4142857142857143,0.43686354378818737,0.4,0.439918533604888,0.004925390524380863,5.402985614707798e-06,0.01669244795582641,0.025824244048940324
126,0.06726805369059245,0.0009362697601318359,0.4279891304347826,0.43681366640342495,0.001,"(100, 25, 100)",2,"{'NN__alpha': 0.001, 'NN__hidden_layer_sizes': (100, 25, 100), 'km__n_clusters': 2}",76,0.4268292682926829,0.42653061224489797,0.42653061224489797,0.42668024439918534,0.4306122448979592,0.45723014256619143,0.01592053254192376,4.368897130994028e-05,0.0018569420652927008,0.014436757983795147
127,0.07711172103881836,0.0009694894154866537,0.4517663043478261,0.4511028443964144,0.001,"(100, 25, 100)",5,"{'NN__alpha': 0.001, 'NN__hidden_layer_sizes': (100, 25, 100), 'km__n_clusters': 5}",9,0.4695121951219512,0.4744897959183674,0.45918367346938777,0.45213849287169044,0.42653061224489797,0.42668024439918534,0.012828184879920984,1.2780560318868902e-05,0.018318386827617696,0.019531900913455857
128,0.11841527620951335,0.0009806156158447266,0.4639945652173913,0.47725452706540866,0.001,"(100, 25, 100)",10,"{'NN__alpha': 0.001, 'NN__hidden_layer_sizes': (100, 25, 100), 'km__n_clusters': 10}",2,0.483739837398374,0.4959183673469388,0.47959183673469385,0.46130346232179226,0.42857142857142855,0.4745417515274949,0.019582932174666584,1.1330945918160511e-05,0.025079694849453778,0.014261072325607355
129,0.12047155698140462,0.0009804566701253254,0.4375,0.45514429804508366,0.001,"(100, 25, 100)",15,"{'NN__alpha': 0.001, 'NN__hidden_layer_sizes': (100, 25, 100), 'km__n_clusters': 15}",38,0.4268292682926829,0.4275510204081633,0.4387755102040816,0.46334012219959264,0.44693877551020406,0.4745417515274949,0.009339576397352771,6.07642645950803e-06,0.008261720597146341,0.020040140600988063
130,0.14159695307413736,0.0010217825571695964,0.42595108695652173,0.43716280809676217,0.001,"(100, 25, 100)",20,"{'NN__alpha': 0.001, 'NN__hidden_layer_sizes': (100, 25, 100), 'km__n_clusters': 20}",92,0.4247967479674797,0.44081632653061226,0.42653061224489797,0.42668024439918534,0.42653061224489797,0.4439918533604888,0.011556298210440548,3.033469789514341e-05,0.0008179050284162071,0.007524807812258178
131,0.16006135940551758,0.0010585784912109375,0.4483695652173913,0.46299998614517085,0.001,"(100, 25, 100)",25,"{'NN__alpha': 0.001, 'NN__hidden_layer_sizes': (100, 25, 100), 'km__n_clusters': 25}",17,0.48577235772357724,0.4989795918367347,0.4673469387755102,0.4684317718940937,0.39183673469387753,0.4215885947046843,0.006826887272057469,3.980566985918886e-05,0.04063676663435789,0.031827344968228276
132,0.17290123303731283,0.0011192957560221355,0.4375,0.45176441248597204,0.001,"(100, 25, 100)",30,"{'NN__alpha': 0.001, 'NN__hidden_layer_sizes': (100, 25, 100), 'km__n_clusters': 30}",38,0.44715447154471544,0.4489795918367347,0.4142857142857143,0.40224032586558045,0.45102040816326533,0.5040733197556008,0.010618467448603938,5.3856687776682124e-05,0.016474080925389982,0.04161975557102294
133,0.20153450965881348,0.0011461575826009114,0.421875,0.45106890006511774,0.001,"(100, 25, 100)",35,"{'NN__alpha': 0.001, 'NN__hidden_layer_sizes': (100, 25, 100), 'km__n_clusters': 35}",110,0.42276422764227645,0.42448979591836733,0.4204081632653061,0.4470468431771894,0.42244897959183675,0.4816700610997963,0.01944353613742963,2.2045948905201756e-05,0.0010441210147544967,0.023516354419310458
134,0.22060290972391763,0.001121838887532552,0.421195652173913,0.43851226845116864,0.001,"(100, 25, 100)",40,"{'NN__alpha': 0.001, 'NN__hidden_layer_sizes': (100, 25, 100), 'km__n_clusters': 40}",111,0.4573170731707317,0.42857142857142855,0.3346938775510204,0.3879837067209776,0.4714285714285714,0.4989816700610998,0.01646149042908744,3.0320953034378602e-05,0.061374834155646235,0.045856676646189344
135,0.05395348866780599,0.0007527669270833334,0.45584239130434784,0.46162143064965294,0.0001,"(50, 50)",2,"{'NN__alpha': 0.0001, 'NN__hidden_layer_sizes': (50, 50), 'km__n_clusters': 2}",5,0.46747967479674796,0.4683673469387755,0.4489795918367347,0.43279022403258655,0.45102040816326533,0.48370672097759676,0.003629468315372278,7.434820885508069e-05,0.008287507221696076,0.021326868112355294
136,0.07848954200744629,0.0007244745890299479,0.4361413043478261,0.4605746983110963,0.0001,"(50, 50)",5,"{'NN__alpha': 0.0001, 'NN__hidden_layer_sizes': (50, 50), 'km__n_clusters': 5}",43,0.4268292682926829,0.42653061224489797,0.44081632653061226,0.48370672097759676,0.44081632653061226,0.4714867617107943,0.014531167115828589,1.8712778843705586e-05,0.006598028123969987,0.02458429984336371
137,0.10352230072021484,0.0007907549540201823,0.4388586956521739,0.462657079124929,0.0001,"(50, 50)",10,"{'NN__alpha': 0.0001, 'NN__hidden_layer_sizes': (50, 50), 'km__n_clusters': 10}",36,0.4532520325203252,0.49387755102040815,0.4346938775510204,0.4439918533604888,0.42857142857142855,0.45010183299389,0.010974989238591549,5.3181180783093503e-05,0.010499798752455448,0.02221668084739404
138,0.11104607582092285,0.0007586479187011719,0.42595108695652173,0.45005888302367786,0.0001,"(50, 50)",15,"{'NN__alpha': 0.0001, 'NN__hidden_layer_sizes': (50, 50), 'km__n_clusters': 15}",92,0.3800813008130081,0.43673469387755104,0.47346938775510206,0.46435845213849286,0.42448979591836733,0.44908350305498984,0.005548809291302682,2.2993079198273734e-05,0.038152362245386255,0.01129842259424522
139,0.1335784594217936,0.0007952054341634115,0.44904891304347827,0.4398658852543054,0.0001,"(50, 50)",20,"{'NN__alpha': 0.0001, 'NN__hidden_layer_sizes': (50, 50), 'km__n_clusters': 20}",12,0.4329268292682927,0.42244897959183675,0.463265306122449,0.4378818737270876,0.45102040816326533,0.4592668024439919,0.005443916066661447,7.423216052519007e-05,0.012467833784163933,0.015096141807280184
140,0.17572506268819174,0.0008516311645507812,0.4483695652173913,0.44563849979910497,0.0001,"(50, 50)",25,"{'NN__alpha': 0.0001, 'NN__hidden_layer_sizes': (50, 50), 'km__n_clusters': 25}",17,0.44308943089430897,0.42551020408163265,0.4897959183673469,0.47352342158859473,0.4122448979591837,0.4378818737270876,0.02362752806063744,2.969499973028166e-05,0.03185898667881194,0.020354216596052646
141,0.1676460107167562,0.0008453528086344401,0.4375,0.43275350873546975,0.0001,"(50, 50)",30,"{'NN__alpha': 0.0001, 'NN__hidden_layer_sizes': (50, 50), 'km__n_clusters': 30}",38,0.44308943089430897,0.4459183673469388,0.43673469387755104,0.42464358452138495,0.4326530612244898,0.42769857433808556,0.0005555190867092752,1.8758288691116242e-05,0.004296216449305491,0.009392137399265187
142,0.19314138094584146,0.0008499622344970703,0.422554347826087,0.43819291464039795,0.0001,"(50, 50)",35,"{'NN__alpha': 0.0001, 'NN__hidden_layer_sizes': (50, 50), 'km__n_clusters': 35}",106,0.43902439024390244,0.45816326530612245,0.42448979591836733,0.4185336048879837,0.40408163265306124,0.4378818737270876,0.007126577508384665,3.3093552293232305e-06,0.014335478781361873,0.01618023601087786
143,0.21826680501302084,0.0010974407196044922,0.4110054347826087,0.4093277636920349,0.0001,"(50, 50)",40,"{'NN__alpha': 0.0001, 'NN__hidden_layer_sizes': (50, 50), 'km__n_clusters': 40}",137,0.40853658536585363,0.43979591836734694,0.4,0.37372708757637474,0.42448979591836733,0.41446028513238287,0.002889564598676942,0.00029584303350056024,0.010143105325851285,0.027215555389926708
144,0.04885228474934896,0.0006296634674072266,0.4266304347826087,0.42663036701442286,0.0001,"(50,)",2,"{'NN__alpha': 0.0001, 'NN__hidden_layer_sizes': (50,), 'km__n_clusters': 2}",79,0.4268292682926829,0.42653061224489797,0.42653061224489797,0.42668024439918534,0.42653061224489797,0.42668024439918534,0.006978118196311226,3.0177300504894707e-05,0.00014088316278938667,7.053727398676799e-05
145,0.06587330500284831,0.0005954901377360026,0.4279891304347826,0.44157210745805453,0.0001,"(50,)",5,"{'NN__alpha': 0.0001, 'NN__hidden_layer_sizes': (50,), 'km__n_clusters': 5}",76,0.42276422764227645,0.4357142857142857,0.45102040816326533,0.4511201629327902,0.41020408163265304,0.4378818737270876,0.0020780205316266558,4.5220546015827425e-05,0.017058439115522357,0.006809240386405499
146,0.08973050117492676,0.0006134510040283203,0.43410326086956524,0.44261399060642587,0.0001,"(50,)",10,"{'NN__alpha': 0.0001, 'NN__hidden_layer_sizes': (50,), 'km__n_clusters': 10}",54,0.4796747967479675,0.4704081632653061,0.39591836734693875,0.43075356415478616,0.42653061224489797,0.42668024439918534,0.011985375537751511,2.512121884369249e-05,0.03462070842731956,0.01972367458667504
147,0.10416229565938313,0.000614325205485026,0.4110054347826087,0.41846294525957023,0.0001,"(50,)",15,"{'NN__alpha': 0.0001, 'NN__hidden_layer_sizes': (50,), 'km__n_clusters': 15}",137,0.3882113821138211,0.39591836734693875,0.41836734693877553,0.4623217922606925,0.42653061224489797,0.3971486761710794,0.004501584899569967,4.13106009749318e-06,0.01649048683872449,0.031016955149848587
148,0.12539100646972656,0.0006943543752034506,0.38858695652173914,0.3848116435983762,0.0001,"(50,)",20,"{'NN__alpha': 0.0001, 'NN__hidden_layer_sizes': (50,), 'km__n_clusters': 20}",161,0.35365853658536583,0.32755102040816325,0.42653061224489797,0.44908350305498984,0.38571428571428573,0.37780040733197556,0.0049778615428303025,3.60321567305055e-05,0.029829044090169135,0.049862505352637934
149,0.1470322608947754,0.0006593068440755209,0.43002717391304346,0.41540656995995956,0.0001,"(50,)",25,"{'NN__alpha': 0.0001, 'NN__hidden_layer_sizes': (50,), 'km__n_clusters': 25}",64,0.39227642276422764,0.39387755102040817,0.4448979591836735,0.42973523421588594,0.4530612244897959,0.4226069246435845,0.005020275034630058,6.858650528714313e-06,0.02695476591967726,0.015498971830722887
150,0.16383115450541177,0.0007309118906656901,0.42527173913043476,0.4273418124887429,0.0001,"(50,)",30,"{'NN__alpha': 0.0001, 'NN__hidden_layer_sizes': (50,), 'km__n_clusters': 30}",94,0.4715447154471545,0.4744897959183674,0.42653061224489797,0.42668024439918534,0.37755102040816324,0.38085539714867617,0.008048543759071046,7.142068094581797e-05,0.03839601661062705,0.038228945512471114
151,0.17518401145935059,0.0007389386494954427,0.3702445652173913,0.39333167075384123,0.0001,"(50,)",35,"{'NN__alpha': 0.0001, 'NN__hidden_layer_sizes': (50,), 'km__n_clusters': 35}",171,0.3617886178861789,0.37755102040816324,0.38571428571428573,0.40427698574338083,0.363265306122449,0.3981670061099796,0.005255286105414126,4.754695884678395e-05,0.010944227125567866,0.011434003579369582
152,0.20174519220987955,0.0007497469584147135,0.41915760869565216,0.41032184768000884,0.0001,"(50,)",40,"{'NN__alpha': 0.0001, 'NN__hidden_layer_sizes': (50,), 'km__n_clusters': 40}",119,0.4065040650406504,0.40408163265306124,0.49183673469387756,0.45417515274949083,0.35918367346938773,0.3727087576374745,0.01759464948962262,5.346013510415554e-05,0.054856210477527284,0.03354994879105576
153,0.045028368631998696,0.0004947185516357422,0.40896739130434784,0.406935727447802,0.0001,"(25,)",2,"{'NN__alpha': 0.0001, 'NN__hidden_layer_sizes': (25,), 'km__n_clusters': 2}",141,0.40853658536585363,0.4163265306122449,0.42244897959183675,0.4093686354378819,0.39591836734693875,0.395112016293279,0.005524102566382646,5.161454798739598e-06,0.010828019903829054,0.008829993786843723
154,0.054838101069132485,0.0005323092142740885,0.39741847826086957,0.4116948612438865,0.0001,"(25,)",5,"{'NN__alpha': 0.0001, 'NN__hidden_layer_sizes': (25,), 'km__n_clusters': 5}",149,0.4268292682926829,0.42653061224489797,0.3408163265306122,0.3696537678207739,0.42448979591836733,0.43890020366598775,0.00410476414530845,2.5795034356303978e-05,0.03999440042741592,0.03015340611096683
155,0.08213464419047038,0.0005176067352294922,0.34375,0.3447781149119526,0.0001,"(25,)",10,"{'NN__alpha': 0.0001, 'NN__hidden_layer_sizes': (25,), 'km__n_clusters': 10}",177,0.34959349593495936,0.35816326530612247,0.3469387755102041,0.34725050916496947,0.3346938775510204,0.3289205702647658,0.005957585673777827,6.6955589516403024e-06,0.006488339034032478,0.012065608240703818
156,0.09610724449157715,0.0005707740783691406,0.4436141304347826,0.43953821854607417,0.0001,"(25,)",15,"{'NN__alpha': 0.0001, 'NN__hidden_layer_sizes': (25,), 'km__n_clusters': 15}",24,0.42886178861788615,0.43979591836734694,0.463265306122449,0.43380855397148677,0.4387755102040816,0.445010183299389,0.0027245192204929224,1.6880080300251645e-05,0.014459684586884349,0.004576675052068765
157,0.12736296653747559,0.0005748271942138672,0.38722826086956524,0.3784169472269559,0.0001,"(25,)",20,"{'NN__alpha': 0.0001, 'NN__hidden_layer_sizes': (25,), 'km__n_clusters': 20}",165,0.42073170731707316,0.40816326530612246,0.40816326530612246,0.40427698574338083,0.3326530612244898,0.3228105906313646,0.006699451782748696,3.3264874675204516e-06,0.03889136870368005,0.03935162819661551
158,0.1541109879811605,0.0006006558736165365,0.389945652173913,0.3953586322512712,0.0001,"(25,)",25,"{'NN__alpha': 0.0001, 'NN__hidden_layer_sizes': (25,), 'km__n_clusters': 25}",157,0.38414634146341464,0.363265306122449,0.3653061224489796,0.39918533604887985,0.4204081632653061,0.42362525458248473,0.0063499320073559145,9.02498217683054e-06,0.022852488622978773,0.0247899655908127
159,0.1872286001841227,0.0008379618326822916,0.4076086956521739,0.4082928079582138,0.0001,"(25,)",30,"{'NN__alpha': 0.0001, 'NN__hidden_layer_sizes': (25,), 'km__n_clusters': 30}",145,0.4186991869918699,0.4153061224489796,0.463265306122449,0.4409368635437882,0.3408163265306122,0.36863543788187375,0.022319806484547254,0.0002867009821915777,0.050569891835062615,0.029930630612536084
160,0.18643863995869955,0.0007269382476806641,0.4266304347826087,0.42933482965487624,0.0001,"(25,)",35,"{'NN__alpha': 0.0001, 'NN__hidden_layer_sizes': (25,), 'km__n_clusters': 35}",79,0.41260162601626016,0.41020408163265304,0.40816326530612246,0.3981670061099796,0.45918367346938777,0.47963340122199594,0.009377160541679325,3.8120638181571276e-05,0.023066489281155636,0.035904340713012545
161,0.2169342835744222,0.0006921291351318359,0.4476902173913043,0.4439419759757263,0.0001,"(25,)",40,"{'NN__alpha': 0.0001, 'NN__hidden_layer_sizes': (25,), 'km__n_clusters': 40}",19,0.4268292682926829,0.42653061224489797,0.4346938775510204,0.4317718940936864,0.4816326530612245,0.47352342158859473,0.009482664505195047,2.301037806908308e-05,0.024190636683062174,0.021026399315541826
162,0.048886775970458984,0.0006573200225830078,0.4266304347826087,0.42663036701442286,0.0001,"(25, 25)",2,"{'NN__alpha': 0.0001, 'NN__hidden_layer_sizes': (25, 25), 'km__n_clusters': 2}",79,0.4268292682926829,0.42653061224489797,0.42653061224489797,0.42668024439918534,0.42653061224489797,0.42668024439918534,0.006437022706452567,0.00015679836111265262,0.00014088316278938667,7.053727398676799e-05
163,0.08224693934122722,0.000621636708577474,0.422554347826087,0.4538010723637724,0.0001,"(25, 25)",5,"{'NN__alpha': 0.0001, 'NN__hidden_layer_sizes': (25, 25), 'km__n_clusters': 5}",106,0.4166666666666667,0.4489795918367347,0.42448979591836733,0.4694501018329939,0.42653061224489797,0.4429735234215886,0.0016879214422792054,2.8582621428735166e-05,0.00425398063620024,0.011333940384181677
164,0.09050027529398601,0.0006500085194905599,0.4361413043478261,0.43681713011070006,0.0001,"(25, 25)",10,"{'NN__alpha': 0.0001, 'NN__hidden_layer_sizes': (25, 25), 'km__n_clusters': 10}",43,0.4532520325203252,0.4316326530612245,0.42653061224489797,0.4215885947046843,0.42857142857142855,0.45723014256619143,0.005578833874984942,7.114636599706333e-05,0.012152334157831204,0.01500531206380883
165,0.12227892875671387,0.0008194446563720703,0.3702445652173913,0.3801238621721601,0.0001,"(25, 25)",15,"{'NN__alpha': 0.0001, 'NN__hidden_layer_sizes': (25, 25), 'km__n_clusters': 15}",171,0.42073170731707316,0.42244897959183675,0.3346938775510204,0.3594704684317719,0.3551020408163265,0.35845213849287166,0.014059268385821994,0.00017153560923237262,0.036728720469307564,0.02993126484027671
166,0.14284316698710123,0.0009051163991292318,0.422554347826087,0.43546420604901837,0.0001,"(25, 25)",20,"{'NN__alpha': 0.0001, 'NN__hidden_layer_sizes': (25, 25), 'km__n_clusters': 20}",106,0.41260162601626016,0.4387755102040816,0.42857142857142855,0.43380855397148677,0.42653061224489797,0.43380855397148677,0.003934999286883174,0.00019688335576568882,0.00710096502256067,0.0023414456226164056
167,0.14322964350382486,0.0007482369740804037,0.4232336956521739,0.41338792135999003,0.0001,"(25, 25)",25,"{'NN__alpha': 0.0001, 'NN__hidden_layer_sizes': (25, 25), 'km__n_clusters': 25}",102,0.4247967479674797,0.4204081632653061,0.44285714285714284,0.4185336048879837,0.4020408163265306,0.40122199592668023,0.004861402520457225,9.550528364821711e-05,0.016688660198746798,0.008636581056341595
168,0.16312042872111002,0.0007219314575195312,0.43953804347826086,0.427323801210912,0.0001,"(25, 25)",30,"{'NN__alpha': 0.0001, 'NN__hidden_layer_sizes': (25, 25), 'km__n_clusters': 30}",31,0.45121951219512196,0.4479591836734694,0.463265306122449,0.4378818737270876,0.40408163265306124,0.39613034623217924,0.005656630363112515,5.119397103171832e-05,0.025524462530861554,0.02243749494442335
169,0.20650839805603027,0.0008649826049804688,0.421195652173913,0.4008160494340302,0.0001,"(25, 25)",35,"{'NN__alpha': 0.0001, 'NN__hidden_layer_sizes': (25, 25), 'km__n_clusters': 35}",111,0.42886178861788615,0.4020408163265306,0.45510204081632655,0.42973523421588594,0.3795918367346939,0.37067209775967414,0.00536381210507881,0.00020721313367234355,0.03128117776499689,0.024127972182607167
170,0.20192321141560873,0.0007503827412923177,0.3960597826086957,0.4201518489269434,0.0001,"(25, 25)",40,"{'NN__alpha': 0.0001, 'NN__hidden_layer_sizes': (25, 25), 'km__n_clusters': 40}",153,0.37398373983739835,0.3836734693877551,0.4142857142857143,0.43686354378818737,0.4,0.439918533604888,0.006113794229983749,2.2264034772185923e-05,0.01669244795582641,0.025824244048940324
171,0.07611680030822754,0.0009215672810872396,0.42866847826086957,0.43377322415728004,0.0001,"(100, 25, 100)",2,"{'NN__alpha': 0.0001, 'NN__hidden_layer_sizes': (100, 25, 100), 'km__n_clusters': 2}",71,0.4329268292682927,0.4479591836734694,0.42653061224489797,0.42668024439918534,0.42653061224489797,0.42668024439918534,0.008347323577549404,5.636682256147548e-05,0.003017247736406194,0.01003098817153533
172,0.08635934193929036,0.001096963882446289,0.4429347826086957,0.4429395790902919,0.0001,"(100, 25, 100)",5,"{'NN__alpha': 0.0001, 'NN__hidden_layer_sizes': (100, 25, 100), 'km__n_clusters': 5}",28,0.44308943089430897,0.45,0.45918367346938777,0.45213849287169044,0.42653061224489797,0.42668024439918534,0.011903110787702302,0.00011145059179475404,0.013321947910046962,0.01153018535233019
173,0.13953661918640137,0.0009523232777913412,0.4673913043478261,0.47249192956204883,0.0001,"(100, 25, 100)",10,"{'NN__alpha': 0.0001, 'NN__hidden_layer_sizes': (100, 25, 100), 'km__n_clusters': 10}",1,0.49390243902439024,0.4806122448979592,0.47551020408163264,0.46435845213849286,0.4326530612244898,0.4725050916496945,0.02507918171801166,3.2716573919343585e-05,0.025662443775679174,0.0066355896345556345
174,0.12232311566670735,0.0013222694396972656,0.4327445652173913,0.4381721323967469,0.0001,"(100, 25, 100)",15,"{'NN__alpha': 0.0001, 'NN__hidden_layer_sizes': (100, 25, 100), 'km__n_clusters': 15}",61,0.4268292682926829,0.4275510204081633,0.44285714285714284,0.4592668024439919,0.42857142857142855,0.42769857433808556,0.017463789926536924,0.00029278403378491473,0.00717873037708415,0.014916305872928892
175,0.15434002876281738,0.0010343392690022786,0.4273097826086957,0.44022333984510303,0.0001,"(100, 25, 100)",20,"{'NN__alpha': 0.0001, 'NN__hidden_layer_sizes': (100, 25, 100), 'km__n_clusters': 20}",78,0.42886178861788615,0.4489795918367347,0.42653061224489797,0.42668024439918534,0.42653061224489797,0.445010183299389,0.011146697808590194,0.00010116973076554617,0.0010996713539949804,0.009712556365413976
176,0.1713563601175944,0.0012342135111490886,0.44904891304347827,0.46129999861451704,0.0001,"(100, 25, 100)",25,"{'NN__alpha': 0.0001, 'NN__hidden_layer_sizes': (100, 25, 100), 'km__n_clusters': 25}",12,0.48577235772357724,0.49489795918367346,0.46530612244897956,0.46741344195519346,0.39591836734693875,0.4215885947046843,0.000947274316738746,0.00020915360350292394,0.03845011199831475,0.030239007613655413
177,0.18622756004333496,0.0013980865478515625,0.4375,0.460952935145545,0.0001,"(100, 25, 100)",30,"{'NN__alpha': 0.0001, 'NN__hidden_layer_sizes': (100, 25, 100), 'km__n_clusters': 30}",38,0.44308943089430897,0.48367346938775513,0.41836734693877553,0.40325865580448067,0.45102040816326533,0.4959266802443992,0.011607347513675604,0.0004342519374193242,0.013897730633922646,0.0411015627893305
178,0.21427671114603677,0.001379092534383138,0.421195652173913,0.45412735358909345,0.0001,"(100, 25, 100)",35,"{'NN__alpha': 0.0001, 'NN__hidden_layer_sizes': (100, 25, 100), 'km__n_clusters': 35}",111,0.4247967479674797,0.42959183673469387,0.4204081632653061,0.4470468431771894,0.41836734693877553,0.48574338085539714,0.014461493861764875,0.00015669335465219315,0.0026839565212864688,0.02346414566318341
179,0.2210423151652018,0.0011982917785644531,0.41508152173913043,0.4395299056486139,0.0001,"(100, 25, 100)",40,"{'NN__alpha': 0.0001, 'NN__hidden_layer_sizes': (100, 25, 100), 'km__n_clusters': 40}",128,0.45934959349593496,0.4275510204081633,0.3346938775510204,0.3869653767820774,0.45102040816326533,0.5040733197556008,0.016477778361748897,7.762419781281718e-05,0.056886522184052775,0.048553666841104216
